David Miller,rs12345,chr17:240444,Pathogenic
Jane Smith,rs12345,chr17:240444,Pathogenic
Bob Miller,rs112233,chr17:557723,Pathogenic
Michael Jones,rs112233,chr17:557723,Pathogenic
Bob Brown,rs54321,chr8:207853,Pathogenic
Bob Brown,rs54321,chr3:107179,Pathogenic
Bob Brown,rs12345,chr20:816128,Pathogenic
James Miller,rs54321,chr8:207853,Pathogenic
James Miller,rs54321,chr3:107179,Pathogenic
James Miller,rs12345,chr20:816128,Pathogenic
Michael Hernandez,rs98765,chr18:925864,Pathogenic
John Smith,rs112233,chrX:724973,Pathogenic
John Smith,rs67890,chr16:853529,Pathogenic
John Smith,rs112233,chr20:792600,Pathogenic
Jane Garcia,rs67890,chr3:119808,Pathogenic
James Brown,rs54321,chr12:566781,Pathogenic
Jane Brown,rs112233,chrY:357352,Pathogenic
Laura Hernandez,rs112233,chrY:357352,Pathogenic
Michael Jones,rs112233,chrY:357352,Pathogenic
Sarah Brown,rs12345,chr22:13569,Pathogenic
Bob Martinez,rs112233,chrY:81746,Pathogenic
Laura Brown,rs112233,chrY:81746,Pathogenic
Laura Garcia,rs112233,chrX:674952,Pathogenic
Jane Johnson,rs112233,chr9:725258,Pathogenic
Jane Johnson,rs12345,chr6:842340,Pathogenic
Emma Brown,rs12345,chr21:426717,Pathogenic
Emma Brown,rs67890,chr14:170122,Pathogenic
Jane Johnson,rs67890,chr12:790530,Pathogenic
Jane Martinez,rs67890,chr18:709766,Pathogenic
Sarah Brown,rs67890,chr18:709766,Pathogenic
James Miller,rs67890,chr2:631995,Pathogenic
Jane Garcia,rs98765,chr18:156266,Pathogenic
Jane Garcia,rs12345,chr20:573694,Pathogenic
Jane Garcia,rs67890,chr16:420712,Pathogenic
